<application>
  <component name="GoSdkList">
    <sdk-url>
      <set>
        <option value="file://$USER_HOME$/sdk/go1.16.15" />
        <option value="file://$USER_HOME$/sdk/go1.18.3" />
        <option value="file://$USER_HOME$/sdk/go1.19" />
        <option value="file:///opt/homebrew/Cellar/go/1.18.3/libexec" />
        <option value="file:///opt/homebrew/Cellar/go/1.18.4/libexec" />
        <option value="file:///opt/homebrew/Cellar/go/1.19.3/libexec" />
        <option value="file:///opt/homebrew/Cellar/go@1.16/1.16.15/libexec" />
        <option value="file:///opt/homebrew/opt/go/libexec" />
      </set>
    </sdk-url>
  </component>
</application>