<application>
  <component name="GraziConfig">
    <option name="suppressingContext">
      <SuppressingContext>
        <option name="suppressed">
          <set>
            <option value="Sub-account" />
            <option value="sub-account" />
          </set>
        </option>
      </SuppressingContext>
    </option>
    <option name="detectionContext">
      <State>
        <option name="disabled">
          <set>
            <option value="CHINESE" />
          </set>
        </option>
      </State>
    </option>
  </component>
</application>